"session","created","modified","ended","expired","consentAge","consentVaccine","consentUnderstand","time1"
"clumsyLeopardTortoiseXXX-JX1VMvt0OIFDustOXn5KT75IY7QhA2V9db-2j7l","2021-10-15 18:23:26","2021-10-15 18:23:47","2021-10-15 18:23:48","","1","1","1","2021-10-15 18:23:47"
"gentleCrestedPenguinXXXcJyb6S57syyJlwWscfyCLm-IlVZ0k8BmGT6ryXJIq","2021-10-15 18:33:42","2021-10-15 18:34:11","2021-10-15 18:34:12","","1","1","1","2021-10-15 18:34:11"
"","2021-10-15 18:36:22","2021-10-15 18:37:07","2021-10-15 18:37:08","","1","1","1","2021-10-15 18:37:07"
"wonderfulChinookXXXYXCAurEwpExus9gruN8XNUPFpzCsybjzHTlBZRMRxSRor","2021-10-15 18:44:04","","","","","","",""
"joyousReindeerXXXQ2kWTgBchnXPKod-CQH94fvka6YaAEz7A8hyKxRTGDK8poS","2021-10-15 18:46:02","","","","","","",""
"vastDodoXXXs_Gopm2EgRLqfTzjDJmUg5IKTG_UlgrGXWamtRsgmTd9exv5m3Jsm","2021-10-15 18:46:41","2021-10-15 18:46:56","2021-10-15 18:46:56","","1","1","1","2021-10-15 18:46:56"
"","2021-10-15 18:49:47","","","","","","",""
"puzzledWolfXXXUwFnCHq4sPaFPUMXliTHmvLt_NwdZPP9tgru0jVfXZXBuPN_sj","2021-10-15 18:55:26","2021-10-15 18:55:33","2021-10-15 18:55:34","","1","1","1","2021-10-15 18:55:33"
"adorableKingPenguinXXXJAn_zyxU1eN9G2QVRsj4PbeoJ_czLx4bQoXpMowVPY","2021-10-15 18:55:46","","","","","","",""
"","2021-10-15 18:56:45","","","","","","",""
"","2021-10-15 18:57:28","2021-10-15 18:57:34","","","","","",""
"","2021-10-15 18:58:52","","","","","","",""
"","2021-10-15 19:01:22","","","","","","",""
"","2021-10-15 19:02:22","","","","","","",""
"expensiveFishingCatXXXi8zss7MOJ5fdiWqmm_N9N7ZXknfjnUgZdiv679n6_y","2021-10-15 19:17:12","2021-10-15 19:17:24","2021-10-15 19:17:24","","1","1","1","2021-10-15 19:17:24"
"badElephantSealXXXDYR2jGyfoADMIN2HAEuORa7cSdDtg5Di-HLLkR2LpB-0Fi","2021-10-15 19:18:53","2021-10-15 19:19:02","2021-10-15 19:19:02","","1","1","1","2021-10-15 19:19:02"
"determinedGoatXXXRZ2eU2SO45EGc46LvmuIHAXe21-HXZmyj2txZMinmsYcoGN","2021-10-15 19:29:52","2021-10-15 19:30:03","2021-10-15 19:30:04","","1","1","1","2021-10-15 19:30:03"
"beautifulBobcatXXXUgCy711E6biwEkQJAnn8PCM-XdmY_2y5FWd4S78YleP5oq","2021-10-15 20:31:48","2021-10-15 20:32:38","2021-10-15 20:32:38","","1","1","1","2021-10-15 20:32:38"
"handsomeProboscisMonkeyXXXK1F9oO5UOTMQnRJHVv1fwKKRhCOrL53hTDk-Ee","2021-10-15 21:14:44","2021-10-15 21:14:53","2021-10-15 21:14:54","","1","1","1","2021-10-15 21:14:53"
"lightTapirXXXV8yNWW06vbNKAl2JZebSIBVw5-zL-9aOKzj5oAg2gNYv8fA-vku","2021-10-15 21:28:23","2021-10-15 21:28:51","2021-10-15 21:28:52","","1","1","1","2021-10-15 21:28:51"
"excitedSwanXXXzjV5d4GI5TU9PJ25Zhzr4rQ64Q8Tr1vKpRWeMReqWjdkJRlzvy","2021-10-15 21:35:33","2021-10-15 21:35:55","2021-10-15 21:35:56","","1","1","1","2021-10-15 21:35:55"
"boredWoodpeckerXXX2FkE92yfepd34VP48Sl6se7FKNdVXSR252ru31WzjE8F0w","2021-10-15 21:41:43","2021-10-15 21:42:35","2021-10-15 21:42:36","","1","1","1","2021-10-15 21:42:35"
"quirkyTangXXXMJqs_EtUQ9ljFmu07bCRSoJe_sri8S3-omtlO2jwpvl9dGNve7m","2021-10-15 21:43:05","2021-10-15 21:43:46","2021-10-15 21:43:47","","1","1","1","2021-10-15 21:43:46"
"gentleVultureXXX6cxgnTyCNsUP6k0xEWV3533oL5ZG8tNMY2XpFoCGUqI3A5lk","2021-10-15 21:45:35","2021-10-15 21:45:44","2021-10-15 21:45:45","","1","1","1","2021-10-15 21:45:45"
"homelyAlligatorXXXLOgbMz_eOShHpzpPHJ8FLqKCXyTquDQmUKhXH62kvq-oNg","2021-10-15 22:16:22","2021-10-15 22:17:25","2021-10-15 22:17:26","","1","1","1","2021-10-15 22:17:25"
"lGWU67dhHVGBRtWZJei2c1WaRM11xCIgI9AJUX6lJ-ZV-DGtiQJHxSucJqziNJB0","2021-10-17 15:48:08","2021-10-17 16:21:39","2021-10-17 16:21:39","","1","1","1","2021-10-17 16:21:39"
"ch8EivV04ailGDt70DhI9gVogf5yjMF2-Z8P4FYPvAaYenK0KE4pLku_82RuPRRq","2021-10-18 02:43:14","2021-10-18 02:45:15","2021-10-18 02:45:15","","1","1","1","2021-10-18 02:45:15"
"Tzs4NRvQR6oqXV3zKpVtfsAhx6NUuFFW1Ec7Y2WNbOqBiR4hPdwuw54gPzWsaIwH","2021-10-18 02:48:01","2021-10-18 02:48:43","2021-10-18 02:48:43","","1","2","1","2021-10-18 02:48:43"
"zUPYtRapkNo6SB4gZnJsm2_xWm73eEHvYtNbeLbrTjrumySH9sFtKFDruVY745CA","2021-10-18 19:05:38","2021-10-18 19:06:00","2021-10-18 19:06:00","","1","2","1","2021-10-18 19:06:00"
"L2N5G5_8Ps2-72K2RUJuZryq3lTYB66YqR1vvbfz_r15fmzVwtckN9uTbAv8DH9x","2021-10-18 19:06:18","2021-10-18 19:09:07","2021-10-18 19:09:07","","1","1","1","2021-10-18 19:09:07"
"2-HyMVTH9fW7XDsiqT48K9JCNkFKAswvONMIHlPZNuWEysbaXi0aMTcy9nkVOfkC","2021-10-18 19:19:59","2021-10-18 19:21:01","2021-10-18 19:21:01","","1","2","1","2021-10-18 19:21:01"
"1fUY2QeWctO0f96HIUi65_Qn0L_h5Vs8InLWh-9VvXC85I1xTqjQqU4E_3Z2cE1p","2021-10-18 20:09:59","2021-10-18 20:12:32","2021-10-18 20:12:33","","1","2","1","2021-10-18 20:12:33"
"9MypU3O7BhX4cUKe3NvybfpdimGSL-5Pg0FuuHrc7EKqUPMVVrBJpIhzXiP1kIQ9","2021-10-18 22:26:54","2021-10-18 22:29:36","2021-10-18 22:29:37","","1","1","1","2021-10-18 22:29:36"
"hSAhIyXKRsCraYnntbWgUgSf1k50WbW3PQYzDnYvlTjxmbUO7RbxR0N8U4364gX3","2021-10-19 01:08:01","2021-10-19 01:09:12","2021-10-19 01:09:12","","1","2","1","2021-10-19 01:09:12"
"EMeYRKfqqTL5oHhU2m_Fvsbb-8XGgHqWUPoTVkkRsJP6Xz1_cV6OmfLKYaS2KKdo","2021-10-19 17:00:12","2021-10-19 17:02:01","2021-10-19 17:02:01","","1","2","1","2021-10-19 17:02:01"
"_OEOHzwxn4lZUgbOoVYl18D8g9QTG-OZS0vdMdxMwoe-ZBzuGim4-McYonWiF-j8","2021-10-19 21:11:37","2021-10-19 21:12:27","2021-10-19 21:12:27","","1","2","1","2021-10-19 21:12:27"
"JisYJN0c7qF2oVYqx0NMoexFDhJ-68f7TsyLqqbVXnPMATmCt2abYo4QLQuay3CT","2021-10-20 04:50:53","2021-10-20 04:52:19","2021-10-20 04:52:19","","1","1","1","2021-10-20 04:52:19"
"QXrogRufaGj1TzILpkqg-thXf7JjDMJv3oM1bdvS5tYospTU4QzPvf9cfg6BMfbx","2021-10-20 19:24:54","2021-10-20 19:25:49","2021-10-20 19:25:49","","1","2","1","2021-10-20 19:25:49"
"DpyZ2aiW5dft0WVDkfhyocWVx8H293idlD344cLtBrxYVARy58GuXgWXz-FxyIav","2021-10-20 22:17:21","2021-10-20 22:17:40","2021-10-20 22:17:41","","1","2","1","2021-10-20 22:17:40"
"Xs2YkZR9RhGpPvjORdlsUmzohctDk4BEqF0OCCymv4aam31SDOCXOTzp8fNZZj_P","2021-10-21 02:04:36","2021-10-21 02:05:02","2021-10-21 02:05:02","","1","2","1","2021-10-21 02:05:02"
