"session","created","modified","ended","expired","time16","time17","attentionCheck1","time18","yearOfBirth","gender","genderOther","ethnicity","ethnicityOther","income","politics","transportMode","transportOther","state","education","religiousExemption","time19","feedback","time20","prolificID","time21","completionCode","time22"
"","2021-10-15 18:29:51","2021-10-15 18:30:13","","","","","","","","","","","","","","","","","","","","","","","","",""
"","2021-10-15 18:43:24","","","","","","","","","","","","","","","","","","","","","","","","","",""
"","2021-10-15 18:49:33","","","","","","","","","","","","","","","","","","","","","","","","","",""
"","2021-10-15 19:11:25","","","","","","","","","","","","","","","","","","","","","","","","","",""
"","2021-10-15 19:14:20","","","","","","","","","","","","","","","","","","","","","","","","","",""
"","2021-10-15 20:19:53","","","","","","","","","","","","","","","","","","","","","","","","","",""
"","2021-10-15 20:25:10","","","","","","","","","","","","","","","","","","","","","","","","","",""
"","2021-10-15 20:30:26","2021-10-15 20:31:02","2021-10-15 20:31:03","","","","","","","","","","","","","","","","","","","","","","","",""
"","2021-10-15 21:18:08","","","","","","","","","","","","","","","","","","","","","","","","","",""
"gentleVultureXXX6cxgnTyCNsUP6k0xEWV3533oL5ZG8tNMY2XpFoCGUqI3A5lk","2021-10-15 21:48:45","2021-10-15 21:50:10","2021-10-15 21:50:11","","2021-10-15 21:48:46","2021-10-15 21:49:46","","2021-10-15 21:50:04","","","","","","under10","","","","","","","2021-10-15 21:50:10","HI :)","","","","847780",""
"homelyAlligatorXXXLOgbMz_eOShHpzpPHJ8FLqKCXyTquDQmUKhXH62kvq-oNg","2021-10-15 22:20:50","2021-10-15 22:25:03","2021-10-15 22:25:03","","2021-10-15 22:20:50","2021-10-15 22:21:39","","2021-10-15 22:21:43","","","","","","inc_10to15","","","","","","","2021-10-15 22:25:03","","","","","127589",""
"lGWU67dhHVGBRtWZJei2c1WaRM11xCIgI9AJUX6lJ-ZV-DGtiQJHxSucJqziNJB0","2021-10-17 16:36:03","2021-10-17 16:37:02","2021-10-17 16:37:02","","2021-10-17 16:36:04","2021-10-17 16:36:56","","2021-10-17 16:37:00","","","","","","inc_100to150","","","","","","","2021-10-17 16:37:02","","","","","588100",""
"Tzs4NRvQR6oqXV3zKpVtfsAhx6NUuFFW1Ec7Y2WNbOqBiR4hPdwuw54gPzWsaIwH","2021-10-18 02:52:01","2021-10-18 02:53:06","2021-10-18 02:53:06","","2021-10-18 02:52:01","2021-10-18 02:52:52","","2021-10-18 02:52:57","","","","","","inc_15to25","","","","","","","2021-10-18 02:53:06","","","","","666516",""
"ch8EivV04ailGDt70DhI9gVogf5yjMF2-Z8P4FYPvAaYenK0KE4pLku_82RuPRRq","2021-10-18 02:53:18","2021-10-18 02:55:11","2021-10-18 02:55:12","","2021-10-18 02:53:18","2021-10-18 02:55:04","","2021-10-18 02:55:08","","","","","","under10","","","","","","","2021-10-18 02:55:12","","","","","778056",""
"L2N5G5_8Ps2-72K2RUJuZryq3lTYB66YqR1vvbfz_r15fmzVwtckN9uTbAv8DH9x","2021-10-18 19:17:13","2021-10-18 19:19:08","","","2021-10-18 19:17:13","2021-10-18 19:19:04","","2021-10-18 19:19:08","","","","","","inc_35to50","","","","","","","","","","","","586524",""
"2-HyMVTH9fW7XDsiqT48K9JCNkFKAswvONMIHlPZNuWEysbaXi0aMTcy9nkVOfkC","2021-10-18 19:25:40","2021-10-18 19:26:35","2021-10-18 19:26:35","","2021-10-18 19:25:40","2021-10-18 19:26:25","","2021-10-18 19:26:33","","","","","","inc_15to25","","","","","","","2021-10-18 19:26:35","N/A","","","","659458",""
"1fUY2QeWctO0f96HIUi65_Qn0L_h5Vs8InLWh-9VvXC85I1xTqjQqU4E_3Z2cE1p","2021-10-18 20:20:01","2021-10-18 20:21:57","","","2021-10-18 20:20:01","2021-10-18 20:21:53","","2021-10-18 20:21:57","","","","","","inc_50to75","","","","","","","","","","","","980861",""
"9MypU3O7BhX4cUKe3NvybfpdimGSL-5Pg0FuuHrc7EKqUPMVVrBJpIhzXiP1kIQ9","2021-10-18 22:34:54","2021-10-18 22:38:10","2021-10-18 22:38:10","","2021-10-18 22:34:54","2021-10-18 22:36:15","","2021-10-18 22:38:06","","","","","","inc_35to50","","","","","","","2021-10-18 22:38:10","Simplify language on the intro page - “quantitative model of consumer choice to inform the design decisions of a COVID” is too technical

I don’t feel like you need to explain why you’re collecting certain demographic variables.

I recommend changing the question about having already received the vaccine to true/false to make it less confusing.

Get rid of line about contact info at bottom of survey.

I don’t understand what the third option is supposed to be.

Regional map is a little too small, makes it hard to read","","","","388500",""
"EMeYRKfqqTL5oHhU2m_Fvsbb-8XGgHqWUPoTVkkRsJP6Xz1_cV6OmfLKYaS2KKdo","2021-10-19 17:04:49","2021-10-19 17:06:14","2021-10-19 17:06:14","","2021-10-19 17:04:49","2021-10-19 17:05:59","","2021-10-19 17:06:11","","","","","","under10","","","","","","","2021-10-19 17:06:14","","","","","965946",""
"_OEOHzwxn4lZUgbOoVYl18D8g9QTG-OZS0vdMdxMwoe-ZBzuGim4-McYonWiF-j8","2021-10-19 21:15:34","2021-10-19 21:16:27","","","2021-10-19 21:15:34","2021-10-19 21:16:24","","2021-10-19 21:16:27","","","","","","prefer_not_say","","","","","","","","","","","","298189",""
"JisYJN0c7qF2oVYqx0NMoexFDhJ-68f7TsyLqqbVXnPMATmCt2abYo4QLQuay3CT","2021-10-20 04:59:31","2021-10-20 05:02:10","2021-10-20 05:02:10","","2021-10-20 04:59:31","2021-10-20 05:01:51","","2021-10-20 05:02:08","","","","","","inc_150to200","","","","","","","2021-10-20 05:02:10","The map question was horrible.","","","","110974",""
"QXrogRufaGj1TzILpkqg-thXf7JjDMJv3oM1bdvS5tYospTU4QzPvf9cfg6BMfbx","2021-10-20 19:29:43","2021-10-20 19:31:09","2021-10-20 19:31:09","","2021-10-20 19:29:43","2021-10-20 19:31:01","","2021-10-20 19:31:05","","","","","","inc_25to35","","","","","","","2021-10-20 19:31:09","","","","","197367",""
"DpyZ2aiW5dft0WVDkfhyocWVx8H293idlD344cLtBrxYVARy58GuXgWXz-FxyIav","2021-10-20 22:19:24","","","","2021-10-20 22:19:24","","","","","","","","","","","","","","","","","","","","","",""
"Xs2YkZR9RhGpPvjORdlsUmzohctDk4BEqF0OCCymv4aam31SDOCXOTzp8fNZZj_P","2021-10-21 02:07:17","2021-10-21 02:07:52","","","2021-10-21 02:07:17","2021-10-21 02:07:50","","2021-10-21 02:07:53","","","","","","inc_over200","","","","","","","","","","","","479160",""
"quirkyRhinocerosXXXv8GKL1notnbSRxUJntbp0swPdspG7Ylyj08fIm1dBW6F4","2021-11-09 22:43:57","2021-11-09 22:46:27","2021-11-09 22:46:28","","2021-11-09 22:43:57","2021-11-09 22:44:21","","2021-11-09 22:46:24","","","","","","under10","","","","","","","2021-11-09 22:46:28","","","","","968856",""
"","2021-11-09 22:48:36","","","","2021-11-09 22:48:36","","","","","","","","","","","","","","","","","","","","","",""
"grotesqueFurSealXXXhxiDzUWKMp6T5aMAymNdeNwgFM4sZMgzI1DRRwH-7286O","2021-11-09 23:54:46","2021-11-09 23:56:05","2021-11-09 23:56:06","","2021-11-09 23:54:46","2021-11-09 23:55:57","","2021-11-09 23:56:01","","","","","","under10","","","","","","","2021-11-09 23:56:06","","","","","280411",""
"","2021-11-10 01:19:04","","","","2021-11-10 01:19:04","","","","","","","","","","","","","","","","","","","","","",""
"jollyOkapiXXXinr04pilMzSLD5lm5K4aFbEltwQui_B0XBo_QYz9-GckcDkwkHu","2021-11-11 02:16:49","2021-11-11 02:17:20","2021-11-11 02:17:20","","2021-11-11 02:16:49","2021-11-11 02:17:12","","2021-11-11 02:17:16","","","","","","under10","","","","","","","2021-11-11 02:17:20","","","","","205986",""
"openCraneXXXza5CfRCp-1ppN3tG-jsNNxDKcDFErEcyqdjucFQL7qsqUA2USqln","2021-11-11 02:29:20","2021-11-11 02:29:54","2021-11-11 02:29:54","","2021-11-11 02:29:21","2021-11-11 02:29:41","1","2021-11-11 02:29:46","","","","","","under10","","","","","","","2021-11-11 02:29:54","","","","","448878",""
"","2021-11-11 02:32:57","","","","2021-11-11 02:32:57","","","","","","","","","","","","","","","","","","","","","",""
"","2021-11-17 06:23:17","2021-11-17 06:24:00","2021-11-17 06:24:01","","2021-11-17 06:23:17","2021-11-17 06:23:53","1","2021-11-17 06:23:57","1999","","","","","under10","strongly_liberal","","","new_york","","","2021-11-17 06:24:00","","","","","690883",""
"","2021-11-17 06:49:25","2021-11-17 06:49:43","","","2021-11-17 06:49:25","","","","","","","","","","","","","","","","","","","","","",""
"","2021-11-17 06:50:15","","","","2021-11-17 06:50:15","","","","","","","","","","","","","","","","","","","","","",""
"","2021-11-17 06:50:55","","","","2021-11-17 06:50:56","","","","","","","","","","","","","","","","","","","","","",""
"","2021-11-17 06:52:35","2021-11-17 06:53:11","2021-11-17 06:53:12","","2021-11-17 06:52:35","2021-11-17 06:53:05","1","2021-11-17 06:53:07","1999","","","","","under10","strongly_liberal","","","new_york","degree_bs","","2021-11-17 06:53:11","","","","","414745",""
"badDodoXXX3U6moN1BjU12DOcJN2S5UqkhnBJ9maQAMt4NgP8GGWQH7TpcKUI-l0","2021-11-18 02:14:16","2021-11-18 02:22:18","2021-11-18 02:22:19","","2021-11-18 02:14:17","2021-11-18 02:22:11","1","2021-11-18 02:22:15","2000","","","","","under10","prefer_not_say","","","oregon","hs","","2021-11-18 02:22:18","","","","","313515",""
"proudBichonXXXfvW1G8fr6_88OjceQSfs2rt5SfHetOH5_aRrtfMBcWCpvwWq6G","2021-11-18 02:25:52","2021-11-18 02:26:45","","","2021-11-18 02:25:53","2021-11-18 02:26:16","2","2021-11-18 02:26:45","2001","","","","","inc_100to150","leaning_liberal","","","arkansas","vocational","","","","","","","953270",""
"befXbt6RNRkMJ6vQLXQSL3UTFoQTfFLwHLlX_5PyWYA6ikabmTfba123JqbF7Kr6","2021-11-18 04:35:42","2021-11-18 04:38:51","2021-11-18 04:38:51","","2021-11-18 04:35:42","2021-11-18 04:38:07","1","2021-11-18 04:38:33","1999","","","","","inc_over200","strongly_liberal","","","district_of_columbia","college_some","","2021-11-18 04:38:51","Mr. Game and Watch will get nerfed in Smash Ultimate","","","","862967",""
"hVio74kaQ2DUEVWx4GMmFclLFNYYg3wx0QKMHFKQUvaTBeHyR59TpVvIfqDytkD1","2021-11-18 06:43:41","2021-11-27 08:10:38","","","2021-11-18 06:43:42","2021-11-18 06:49:03","1","2021-11-18 06:49:08","1920","","cos^2(x) + sin^2(x) = 1","","Klingon","inc_over200","independent","","Battle cruiser","north_dakota","degree_grad","","","","","","","777040",""
"cautiousSpadefootToadXXXS4trFfOk93z_MGETnmZIXp6bnWACmYXpXnebtLhA","2021-11-18 07:36:20","2021-11-18 07:38:09","2021-11-18 07:38:10","","2021-11-18 07:36:20","2021-11-18 07:38:02","1","2021-11-18 07:38:06","1999","","","","","under_10","strongly_liberal","","","new_york","degree_bs","","2021-11-18 07:38:09","","","","","129705",""
"","2021-11-18 07:39:17","2021-11-18 07:39:44","2021-11-18 07:39:44","","2021-11-18 07:39:17","2021-11-18 07:39:37","1","2021-11-18 07:39:40","1999","","","","","under_10","strongly_liberal","","","new_york","degree_bs","","2021-11-18 07:39:44","","","","","195814",""
"-cfF3RgNOuUm2ESuyPp4A6CWNdRkFNybpVIkfo3sCALfH4LyEH-i3UvB1p_yUNZZ","2021-11-18 14:43:04","2021-11-18 14:44:18","2021-11-18 14:44:18","","2021-11-18 14:43:04","2021-11-18 14:44:09","1","2021-11-18 14:44:14","2000","","","","","under_10","independent","","","new_jersey","college_some","","2021-11-18 14:44:18","","","","","966314",""
"gentleWolverineXXXbd2yorisjkYmH8-w7q78G6x1UB5jNoFAPJ-RaqGMqsVS7n","2021-11-19 21:07:58","2021-11-19 21:09:36","2021-11-19 21:09:36","","2021-11-19 21:07:58","2021-11-19 21:08:29","2","2021-11-19 21:08:32","2001","","","","","inc_40_to_50","leaning_conservative","","","arkansas","college_some","","2021-11-19 21:09:36","","","","","592793",""
"blue-eyedCamelXXXl_fOIaRVH_-fiRFh_9RjO6RMVml7jdDRE3eFNgebTFbiReB","2021-11-19 21:10:13","2021-11-19 21:10:30","","","2021-11-19 21:10:13","2021-11-19 21:10:30","2","","1992","","","","","inc_20_to_30","strongly_liberal","","","california","vocational","","","","","","","",""
"","2021-11-19 21:35:14","2021-11-19 21:37:13","2021-11-19 21:37:14","","2021-11-19 21:35:14","2021-11-19 21:35:17","1","2021-11-19 21:35:34","1999","male","","asian","","under_10","strongly_liberal","public_transport","","new_york","degree_bs","2","2021-11-19 21:36:04","","2021-11-19 21:36:06","","2021-11-19 21:37:13","811456",""
"","2021-11-19 22:03:39","2021-11-19 22:04:19","2021-11-19 22:04:20","","2021-11-19 22:03:39","2021-11-19 22:03:42","1","2021-11-19 22:03:46","1999","male","","asian","","under_10","strongly_liberal","public_transport","","new_york","degree_bs","2","2021-11-19 22:04:13","","2021-11-19 22:04:15","","2021-11-19 22:04:19","133907",""
"differentChamoisXXX5eMwZqkZHa5tMHsuPKoa5EkMIdURr_hqox9JAwocVxAy5","2021-11-19 23:46:50","2021-11-19 23:55:45","2021-11-19 23:55:46","","2021-11-19 23:46:50","2021-11-19 23:46:53","1","2021-11-19 23:46:57","1999","male","","asian","","under_10","strongly_liberal","public_transport","","new_york","degree_bs","2","2021-11-19 23:55:39","","2021-11-19 23:55:42","","2021-11-19 23:55:45","136682",""
"badMacaqueXXXT7vUIrA4hCJVHFcrPax_TvedjmChPrVN_yuYlqU6G-nnEsax3M0","2021-11-20 03:43:25","2021-11-20 03:43:38","","2021-11-20 03:44:14","2021-11-20 03:43:26","2021-11-20 03:43:33","2","2021-11-20 03:43:39","","","","","","","","","","","","","","","","","","",""
"livelyDalmatianXXX4-haBzhPFoVPmN7b9-igSxKtAKiTshpRCAUhG_v8bucStQ","2021-11-20 05:01:35","2021-11-20 05:02:14","2021-11-20 05:02:15","","2021-11-20 05:01:35","2021-11-20 05:01:40","1","2021-11-20 05:01:43","2001","prefer_not_say","","asian","","inc_50_to_75","liberal","public_transport","","colorado","college_some","2","2021-11-20 05:02:02","","2021-11-20 05:02:09","","2021-11-20 05:02:14","840367",""
"relievedWhaleSharkXXX06tZVjYoscis-xH8BUszLC_GxDB6N2ex3bHB76mtLI2","2021-11-20 05:19:32","2021-11-20 05:29:33","","","2021-11-20 05:19:32","2021-11-20 05:20:35","1","2021-11-20 05:20:38","1999","male","","asian","","under_10","strongly_liberal","public_transport","","new_york","degree_bs","2","2021-11-20 05:21:00","","2021-11-20 05:21:03","","","403274",""
"26Ia5kSrxeOl_3YUWiCKrLLR0RS8Jtx707ZuqGa8P4ydheGZEerqgI-tju6MmaB_","2021-11-23 22:03:26","2021-11-23 22:07:56","","","2021-11-23 22:03:27","2021-11-23 22:03:29","1","2021-11-23 22:03:33","1987","male","","white","","inc_150_to_200","liberal","personal_vehicle","","maryland","degree_grad","2","2021-11-23 22:07:52","","2021-11-23 22:07:57","","","678272",""
"","2021-11-24 15:20:15","2021-11-24 15:20:52","","","2021-11-24 15:20:16","2021-11-24 15:20:18","1","2021-11-24 15:20:21","1999","male","","asian","","under_10","strongly_liberal","public_transport","","new_york","degree_bs","2","2021-11-24 15:20:45","","2021-11-24 15:20:47","123","","",""
"","2021-11-24 15:21:45","2021-11-24 15:22:38","2021-11-24 15:22:39","","2021-11-24 15:21:45","2021-11-24 15:21:47","1","2021-11-24 15:21:51","1999","male","","asian","","under_10","strongly_liberal","public_transport","","new_york","degree_bs","2","2021-11-24 15:22:28","","2021-11-24 15:22:31","123","2021-11-24 15:22:35","158F6DF0","2021-11-24 15:22:38"
"cleverBarracudaXXX1Worxqb5iMqki9XykjwRqM3ykS5GuYpcGG4XV-tMoPztuZ","2021-11-24 15:24:13","2021-11-24 15:24:53","2021-11-24 15:24:53","","2021-11-24 15:24:13","2021-11-24 15:24:16","1","2021-11-24 15:24:19","1999","male","","asian","","under_10","strongly_liberal","public_transport","","new_york","degree_bs","2","2021-11-24 15:24:43","","2021-11-24 15:24:45","123","2021-11-24 15:24:50","158F6DF0","2021-11-24 15:24:53"
"VJouUt_CbAsOwQ61-usU26QD8RacQZ24YkJKNLbhfpnQ_dUDMJgUxcF1-53Vbjmf","2021-11-26 18:27:47","2021-11-26 18:28:28","2021-11-26 18:28:28","","2021-11-26 18:27:47","2021-11-26 18:27:50","1","2021-11-26 18:27:54","2002","male","","native","","inc_40_to_50","strongly_liberal","para_transit","","alaska","college_some","2","2021-11-26 18:28:18","","2021-11-26 18:28:20","123","2021-11-26 18:28:25","158F6DF0","2021-11-26 18:28:28"
"NkflewSwTECkNtC0p1Jg9u94s7XLdg5lUOrTWgmIYzOOZdOjI1Qe8jXDdXRS-mRd","2021-11-26 18:42:56","2021-11-26 18:44:05","2021-11-26 18:44:05","","2021-11-26 18:42:56","2021-11-26 18:42:59","1","2021-11-26 18:43:03","2001","male","","black","","inc_100_to_150","independent","public_transport","","arizona","hs","2","2021-11-26 18:43:47","","2021-11-26 18:43:54","6073da68a0b96f1507f3c6a7","2021-11-26 18:44:00","158F6DF0","2021-11-26 18:44:05"
"gQbbunyaUpTXBDeFkFkGiB-Xem4z5lBXPTrjUZS2gxyHNzTEMEIlqP4oyD3IzEd4","2021-11-26 18:48:56","2021-11-26 18:51:24","2021-11-26 18:51:24","","2021-11-26 18:48:56","2021-11-26 18:48:59","1","2021-11-26 18:49:06","1995","female","","native","","inc_20_to_30","leaning_liberal","personal_vehicle","","oklahoma","vocational","2","2021-11-26 18:50:16","","2021-11-26 18:50:23","5f55bbd5fc189099844bd057","2021-11-26 18:50:42","158F6DF0","2021-11-26 18:51:24"
"dHQNobraVbWzGDNDTJIzUKoq5HZpfQvvV8UcznoCuTwgcLs_YE3EdbcRkr52DtEP","2021-11-26 18:57:22","2021-11-26 18:58:25","2021-11-26 18:58:26","","2021-11-26 18:57:22","2021-11-26 18:57:25","1","2021-11-26 18:57:29","1989","male","","white","","inc_10_to_20","liberal","personal_vehicle","","south_carolina","college_some","2","2021-11-26 18:58:06","","2021-11-26 18:58:08","5bd47734506cd3000101d181","2021-11-26 18:58:21","158F6DF0","2021-11-26 18:58:26"
"mgJ5212OZL093Omn831MoxELiO1rDhOBDPWPTdbDWVGv-L5PWzilsWf9Y7qleEMs","2021-11-26 18:58:50","2021-11-26 19:00:14","2021-11-26 19:00:14","","2021-11-26 18:58:50","2021-11-26 18:58:53","1","2021-11-26 18:58:59","1997","female","","white","","under_10","liberal","personal_vehicle","","georgia","degree_bs","2","2021-11-26 18:59:48","","2021-11-26 18:59:52","61094de0a1e19ace0ab9d34e","2021-11-26 19:00:06","158F6DF0","2021-11-26 19:00:14"
"FcDTpbui4hR8_qXsePr08HvoKO5sYYze9M9aE4QUS7uQIIbn8Nn-Ze2WsDH6qXB0","2021-11-26 19:06:50","2021-11-26 19:08:30","","","2021-11-26 19:06:50","2021-11-26 19:06:54","1","2021-11-26 19:06:59","1966","female","","white","","inc_50_to_75","independent","personal_vehicle","","vermont","degree_bs","2","2021-11-26 19:08:15","","2021-11-26 19:08:21","5be8846293ca1f00014db03c","2021-11-26 19:08:30","158F6DF0",""
"bG5IoomWOS-lJ-5i1_l1VTgFfJR6QXfA9u1K5n2nTCuDpFYNsCZ2tnNim5hT6FKC","2021-11-26 19:09:13","2021-11-26 19:10:03","2021-11-26 19:10:03","","2021-11-26 19:09:13","2021-11-26 19:09:15","1","2021-11-26 19:09:20","1985","female","","asian","","inc_75_to_100","moderate","personal_vehicle","","california","degree_bs","2","2021-11-26 19:09:46","","2021-11-26 19:09:50","5ef42d64b563d01e9c7d406d","2021-11-26 19:09:59","158F6DF0","2021-11-26 19:10:03"
"N5qV4shS-SH0w6m1l_WZnspoQ83zzToiWpED76R70erukbATVghsQVgIKIZW5Bno","2021-11-26 19:12:02","2021-11-26 19:12:57","2021-11-26 19:12:57","","2021-11-26 19:12:02","2021-11-26 19:12:04","1","2021-11-26 19:12:09","1971","female","","white","","inc_10_to_20","conservative","personal_vehicle","","mississippi","college_some","2","2021-11-26 19:12:40","","2021-11-26 19:12:46","5bd845189673510001877e36","2021-11-26 19:12:51","158F6DF0","2021-11-26 19:12:57"
"iwN1979zF2imQdiJ06MWIK8-KQrcRqGKEDSGLYgCRuUx9A8FbKOfviIaInZGdBRV","2021-11-26 19:14:02","2021-11-26 19:15:04","2021-11-26 19:15:04","","2021-11-26 19:14:02","2021-11-26 19:14:05","1","2021-11-26 19:14:09","2002","female","","white","","inc_50_to_75","strongly_liberal","personal_vehicle","","tennessee","college_some","2","2021-11-26 19:14:42","","2021-11-26 19:14:45","5f4c6bee4aac5777aa9fc9cf","2021-11-26 19:14:50","158F6DF0","2021-11-26 19:15:04"
"0ZK7MzrH3nsBg88HguYftPFywD3YB1zgxk9ASZ7tjt41piNoIv7o5Cjbg1goKwdO","2021-11-26 19:14:59","2021-11-26 19:16:09","2021-11-26 19:16:09","","2021-11-26 19:15:00","2021-11-26 19:15:03","1","2021-11-26 19:15:08","2002","female","","white","","inc_100_to_150","moderate","personal_vehicle","","florida","college_some","2","2021-11-26 19:15:49","","2021-11-26 19:15:53","610083e237911150228b94d1","2021-11-26 19:16:03","158F6DF0","2021-11-26 19:16:09"
"QPl52pViUiwBleucOyzQCSVVi5TlD1AeEwDwrieDpLbMYckIZykUAh2iG0vfqMrt","2021-11-26 19:15:03","2021-11-26 19:16:22","2021-11-26 19:16:22","","2021-11-26 19:15:04","2021-11-26 19:15:06","1","2021-11-26 19:15:11","1998","female","","white","","inc_50_to_75","conservative","personal_vehicle","","georgia","hs","2","2021-11-26 19:15:46","It my right as an American citizen as to whether or not I got The vaccine","2021-11-26 19:16:07","610080ad2ac3f5037a48d318","2021-11-26 19:16:13","158F6DF0","2021-11-26 19:16:22"
"OaTxRParwgnDFce0phL98Wl0vCb_-gQKxxmuNiGQ1uaKlu80Oa5vSZDcBBJ00FKE","2021-11-26 19:19:14","2021-11-26 19:20:10","2021-11-26 19:20:10","","2021-11-26 19:19:14","2021-11-26 19:19:17","1","2021-11-26 19:19:21","1999","female","","white","","inc_100_to_150","leaning_conservative","personal_vehicle","","wiscounsin","degree_bs","2","2021-11-26 19:19:54","","2021-11-26 19:20:00","61029b5dadd1e9cf8ee002ab","2021-11-26 19:20:05","158F6DF0","2021-11-26 19:20:10"
"oHlEF88gP5qtP4qWMl_WEstgNjSgUDJ5tO41ezPbIJVm6-vzcOPRwCGk4i74aS_b","2021-11-26 19:19:46","2021-11-26 19:21:35","2021-11-26 19:21:35","","2021-11-26 19:19:46","2021-11-26 19:19:50","1","2021-11-26 19:19:56","1976","female","","white","","inc_40_to_50","independent","personal_vehicle","","florida","vocational","2","2021-11-26 19:21:09","","2021-11-26 19:21:17","60653ae1dd8e9bdc5c82bb87","2021-11-26 19:21:26","158F6DF0","2021-11-26 19:21:35"
"SyCmPIWZReflZZPPoDlLWSHHjOqJFTb4QS13R8MA23esx-1RJqP2m7LpmR3DHuV8","2021-11-26 19:20:13","2021-11-26 19:20:57","2021-11-26 19:20:57","","2021-11-26 19:20:13","2021-11-26 19:20:15","1","2021-11-26 19:20:18","1992","female","","hispanic","","inc_20_to_30","liberal","personal_vehicle","","texas","college_some","2","2021-11-26 19:20:46","","2021-11-26 19:20:50","5b6bc3927f92050001a51696","2021-11-26 19:20:53","158F6DF0","2021-11-26 19:20:57"
"NrGwz7b6uOQVCHN5QO4yj1DL4TqNihbsCmG_TpKDK9fJNsPq2ptBmDRXU3YREIx3","2021-11-26 19:20:17","2021-11-26 19:27:03","2021-11-26 19:27:04","","2021-11-26 19:20:17","2021-11-26 19:20:20","1","2021-11-26 19:20:26","1954","female","","white","","inc_75_to_100","moderate","personal_vehicle","","texas","college_some","2","2021-11-26 19:21:30","","2021-11-26 19:21:43","611186072685e19bb881dc68","2021-11-26 19:21:54","158F6DF0","2021-11-26 19:27:04"
"IGNHr1qa2duUax-81WFVSmHTwHxYcI3Qtb3S-_rk2bdg4djdopReFJgKBdax6ki-","2021-11-26 19:21:30","2021-11-26 19:22:50","2021-11-26 19:22:51","","2021-11-26 19:21:30","2021-11-26 19:21:37","1","2021-11-26 19:21:44","1973","male","","white","North carolina","inc_40_to_50","strongly_conservative","personal_vehicle","","north_carolina","hs","2","2021-11-26 19:22:33","","2021-11-26 19:22:37","5d98ac3e4b74d40016e96159","2021-11-26 19:22:43","158F6DF0","2021-11-26 19:22:51"
"Fizh_E3qnkbx878_-s7lF7dI4l19BiI0EsTYxknhelCRXrvB94ssbuUKEBneIno2","2021-11-26 19:22:00","2021-11-26 19:23:01","2021-11-26 19:23:01","","2021-11-26 19:22:00","2021-11-26 19:22:02","1","2021-11-26 19:22:05","2001","male","","asian","","inc_40_to_50","independent","prefer_to_self_describe","","louisiana","college_some","2","2021-11-26 19:22:44","","2021-11-26 19:22:48","60a2edd0521e2168dc1628a2","2021-11-26 19:22:57","158F6DF0","2021-11-26 19:23:01"
"Ly47GQwD2fA2W_fLN-qxHBBP5CdBq6k371mA0Vy6sUNgxTGPXnLyptpmn-RdLkO8","2021-11-26 19:22:31","2021-11-26 19:24:04","2021-11-26 19:24:04","","2021-11-26 19:22:31","2021-11-26 19:22:41","1","2021-11-26 19:22:51","1998","female","","native","North Dakota","prefer_not_say","moderate","personal_vehicle","","north_dakota","degree_associate","2","2021-11-26 19:23:48","","2021-11-26 19:23:53","6110986a1ec20c5055424af5","2021-11-26 19:23:58","158F6DF0","2021-11-26 19:24:04"
"X6D_7v_dpj0oFxcKwB6vnoVDNOXSfxW24JJuAGsCAfsOeKdIp8IJ7wq51TewO-Q1","2021-11-26 19:23:33","2021-11-26 19:24:41","","","2021-11-26 19:23:33","2021-11-26 19:23:36","1","2021-11-26 19:23:40","1989","female","","white","","inc_30_to_40","strongly_conservative","personal_vehicle","","south_carolina","degree_grad","2","2021-11-26 19:24:24","","2021-11-26 19:24:29","614f4d4860dfe4045d2e46c5","2021-11-26 19:24:41","158F6DF0",""
"GQfWXwRNMYsIxqzabqcL_Ioc3ltaVDtH-iZI5gcLQ9ZBAUJZxfh5IoAOeXsaAi6E","2021-11-26 19:25:38","2021-11-26 19:27:24","2021-11-26 19:27:24","","2021-11-26 19:25:38","2021-11-26 19:25:42","1","2021-11-26 19:25:50","1967","female","","white","","inc_75_to_100","conservative","personal_vehicle","","california","degree_associate","2","2021-11-26 19:26:53","","2021-11-26 19:26:58","5d92832f82e59d001a0e7f1b","2021-11-26 19:27:10","158F6DF0","2021-11-26 19:27:24"
"mqoCGAAvstv3LKO3CB5HyQxd7co7nMTM6v7VR_eYW-AHmJzncQ3-vNpEuCec0wOT","2021-11-26 19:25:59","2021-11-26 19:27:36","2021-11-26 19:27:36","","2021-11-26 19:25:59","2021-11-26 19:26:03","1","2021-11-26 19:26:12","1958","male","","white","","inc_75_to_100","conservative","personal_vehicle","","north_carolina","hs","2","2021-11-26 19:27:02","","2021-11-26 19:27:12","569916e4b0e16500050131b4","2021-11-26 19:27:23","158F6DF0","2021-11-26 19:27:36"
"tgpHt-15H0wLHka5Dnvp76iZTW072n5JxtP3KmCJMxxo2hRU2BHN5Boj4EU9a4bR","2021-11-26 19:26:02","2021-11-26 19:27:41","2021-11-26 19:27:41","","2021-11-26 19:26:02","2021-11-26 19:26:05","1","2021-11-26 19:26:13","1975","male","","white","","inc_50_to_75","liberal","personal_vehicle","","oregon","degree_bs","2","2021-11-26 19:26:53","","2021-11-26 19:26:59","5dd8c6e24c97928688acd05d","2021-11-26 19:27:12","158F6DF0","2021-11-26 19:27:41"
"3nY5xcaaQ78LRiFKn_CKZjGyITTfF8WLj_ySOtiSIEuY1kFxdgIOxTvzDXepzmuE","2021-11-26 19:26:14","2021-11-26 19:27:42","","","2021-11-26 19:26:14","2021-11-26 19:26:18","1","2021-11-26 19:26:23","1997","female","","white","","inc_50_to_75","independent","personal_vehicle","","oregon","hs","2","2021-11-26 19:27:29","","2021-11-26 19:27:33","6108e0f394ea82edc8b1884a","2021-11-26 19:27:42","158F6DF0",""
"du-9zkTDcn9VUHjFmd1cXe9XzZItQU2U94ob5Hf73hsvTn9wwAx8cyG9tCsbj3ym","2021-11-26 19:26:38","2021-11-26 19:27:48","2021-11-26 19:27:49","","2021-11-26 19:26:38","2021-11-26 19:26:40","1","2021-11-26 19:26:45","1991","female","","white","","inc_10_to_20","moderate","personal_vehicle","","tennessee","college_some","2","2021-11-26 19:27:25","","2021-11-26 19:27:34","5dc6e8472865554f0289bb6d","2021-11-26 19:27:43","158F6DF0","2021-11-26 19:27:48"
"mk10oTIWOTooYdevU3lJrl5-5akzFnlmlF99BZysYmsgoVBwu-GkAnvSStoolvmY","2021-11-26 19:26:41","2021-11-26 19:27:57","2021-11-26 19:27:57","","2021-11-26 19:26:41","2021-11-26 19:26:44","1","2021-11-26 19:26:50","1981","male","","prefer_self_identify","","prefer_not_say","prefer_not_say","prefer_to_self_describe","","north_carolina","prefer_not_say","2","2021-11-26 19:27:36","","2021-11-26 19:27:44","5d7267a0ae2d840019fe476d","2021-11-26 19:27:50","158F6DF0","2021-11-26 19:27:57"
"Wvq4VI-yLkj4ryQddqraBfapmFdnmEl0WWsJnvElvezrrb1JrogyeRfzP4UaMdze","2021-11-26 19:27:00","2021-11-26 19:29:43","2021-11-26 19:29:43","","2021-11-26 19:27:00","2021-11-26 19:27:02","1","2021-11-26 19:27:10","1995","male","","hispanic","","inc_50_to_75","moderate","prefer_to_self_describe","none","texas","college_some","2","2021-11-26 19:29:09","","2021-11-26 19:29:13","5af529ca222e4d0001878444","2021-11-26 19:29:25","158F6DF0","2021-11-26 19:29:43"
"r6i2RH-Xtc1mH4keiROs0L_lOrYoJwCtn_Ea1XmbQif0gW8ddoHqOdDW0cHqRMQ4","2021-11-26 19:27:20","2021-11-26 19:34:22","2021-11-26 19:34:22","","2021-11-26 19:27:20","2021-11-26 19:27:23","1","2021-11-26 19:27:30","1969","female","","prefer_self_identify","American","inc_75_to_100","leaning_conservative","personal_vehicle","","colorado","degree_grad","2","2021-11-26 19:28:52","Had you asked, would you take the vaccine if it prevented the transmission of Covid, I may have said yes. Had you asked, would you take the vaccine if there were low adverse reactions. I may have said yes. Between the censorship, cohesion, and mandates--I trust the vaccine and our government less. I was pro vaccine until the above had started. ","2021-11-26 19:33:40","60197dd14bb8ca09a27e5c3b","2021-11-26 19:33:57","158F6DF0","2021-11-26 19:34:22"
"6Wfs8oGtbzGxCfCtpOe7ka4LtqwZckF_eGq6e4u4NqSQhqGas-km1BOg4Uq0MudD","2021-11-26 19:28:05","2021-11-26 19:29:31","2021-11-26 19:29:32","","2021-11-26 19:28:06","2021-11-26 19:28:08","1","2021-11-26 19:28:12","1993","female","","asian","","prefer_not_say","prefer_not_say","personal_vehicle","","california","degree_bs","2","2021-11-26 19:28:48","","2021-11-26 19:29:04","5f7d4a2c5db79d21c7d07240","2021-11-26 19:29:16","158F6DF0","2021-11-26 19:29:32"
"BG64GVxLrvRGtGgmvKero-uMl9RYshVyLBx5ZiGDwi6ZxbiaLMQV_JbUbOnrUKYJ","2021-11-26 19:28:29","2021-11-26 19:29:49","2021-11-26 19:29:49","","2021-11-26 19:28:29","2021-11-26 19:28:32","1","2021-11-26 19:28:38","1997","female","","white","","inc_20_to_30","strongly_conservative","personal_vehicle","","oklahoma","hs","2","2021-11-26 19:29:24","","2021-11-26 19:29:28","6105619fd55674bb2c2f0f74","2021-11-26 19:29:36","158F6DF0","2021-11-26 19:29:49"
"-l7-sxmDIXMSRoe1iCrLdCew3dCnZk_WpiR89Llvq7c6RA2j5TQR4Amg4ED5jxVj","2021-11-26 19:30:42","2021-11-26 19:32:58","2021-11-26 19:32:58","","2021-11-26 19:30:42","2021-11-26 19:30:46","1","2021-11-26 19:30:52","1987","female","","white","","inc_20_to_30","conservative","personal_vehicle","","texas","degree_bs","2","2021-11-26 19:32:22","","2021-11-26 19:32:26","5a792c898fe2dc0001058c3b","2021-11-26 19:32:39","158F6DF0","2021-11-26 19:32:58"
"ihJnOMTqjffov9fHnswyOKtXf3bBDvzhFU6xi5cljCTnmQlW8xFrEXS28Fz6DCWQ","2021-11-26 19:30:43","2021-11-26 19:32:12","2021-11-26 19:32:13","","2021-11-26 19:30:43","2021-11-26 19:30:46","1","2021-11-26 19:30:51","1986","male","","white","","inc_40_to_50","independent","personal_vehicle","","florida","hs","2","2021-11-26 19:31:37","","2021-11-26 19:31:42","5b6259be5256470001bd0c6d","2021-11-26 19:31:56","158F6DF0","2021-11-26 19:32:13"
"smDotj1on2gNQCw_dxguF5UKk9NsMDRPqY2GfO2SNynnZJM1f_1wAmE9qU4XrOwV","2021-11-26 19:30:52","2021-11-26 19:32:01","2021-11-26 19:32:01","","2021-11-26 19:30:53","2021-11-26 19:30:56","1","2021-11-26 19:31:03","1979","female","","white","","inc_100_to_150","moderate","personal_vehicle","","texas","hs","1","2021-11-26 19:31:45","","2021-11-26 19:31:50","614e0000692b265cf52c1c45","2021-11-26 19:31:55","158F6DF0","2021-11-26 19:32:01"
"a3GQm64U-lTX8-QhV1sBlw9jDVVXN2AfwWN6jtRIUsTFDjkGBGFvvFqcFBZkTJHC","2021-11-26 19:31:21","2021-11-26 19:32:30","2021-11-26 19:32:31","","2021-11-26 19:31:21","2021-11-26 19:31:23","1","2021-11-26 19:31:27","1995","female","","white","","inc_50_to_75","leaning_conservative","personal_vehicle","","iowa","degree_associate","1","2021-11-26 19:32:13","","2021-11-26 19:32:20","610761a8d1c8549f58a64b19","2021-11-26 19:32:24","158F6DF0","2021-11-26 19:32:31"
"IQX6Twd6sxV2gAs1cqO8E6Cz_WO5hDGZIUeIfxa9QDT1RDpzrGkcV5hnP3AolHjr","2021-11-26 19:31:24","2021-11-26 19:32:55","2021-11-26 19:32:55","","2021-11-26 19:31:24","2021-11-26 19:31:27","1","2021-11-26 19:31:31","1994","female","","asian","","inc_150_to_200","moderate","personal_vehicle","","pennsylvania","degree_bs","2","2021-11-26 19:32:17","","2021-11-26 19:32:37","5d77a42f06159300174a3d7f","2021-11-26 19:32:46","158F6DF0","2021-11-26 19:32:55"
"7hlhQpsnQAwLu18Tio4GEgRrGM5iYpajBq_Y_gOFP0Cq-eVB-QifiJz8k9j6z6Uq","2021-11-26 19:31:40","2021-11-26 19:37:20","2021-11-26 19:37:20","","2021-11-26 19:31:40","2021-11-26 19:31:56","1","2021-11-26 19:32:38","1991","female","","white","","inc_100_to_150","moderate","personal_vehicle","","texas","degree_bs","2","2021-11-26 19:35:56","no","2021-11-26 19:36:27","615859493a5163bb5b686b26","2021-11-26 19:37:16","158F6DF0","2021-11-26 19:37:20"
"Q1EnV9TzTPJFRMlDA5UtrcQyvGWI-ZHKFzrc1H7PBNlcrv31ccMXfjBOOU4ZEry_","2021-11-26 19:31:42","2021-11-26 19:37:29","2021-11-26 19:37:29","","2021-11-26 19:31:42","2021-11-26 19:31:58","1","2021-11-26 19:32:39","1987","male","","white","","inc_100_to_150","moderate","personal_vehicle","","california","degree_grad","2","2021-11-26 19:35:44","no","2021-11-26 19:36:24","60e5ce4921880e3faee98038","2021-11-26 19:37:06","158F6DF0","2021-11-26 19:37:29"
"kVwm0QynSbZ3kV8MKqE9skjfnODBiA0VjDtI0k-3TcHukMPasZNNkQBj__dSWC0i","2021-11-26 19:31:52","2021-11-26 19:34:03","2021-11-26 19:34:03","","2021-11-26 19:31:52","2021-11-26 19:31:56","1","2021-11-26 19:32:00","1984","female","","white","","inc_30_to_40","liberal","personal_vehicle","","kentucky","degree_bs","2","2021-11-26 19:33:49","","2021-11-26 19:33:53","5bed01c8306ec30001fb80e2","2021-11-26 19:33:58","158F6DF0","2021-11-26 19:34:03"
"6WZDug8aDUL5nB46mwGWNJSyJH3VNpGkSMtrZYLTqCjrzepUvg6wYwzMv80jUFof","2021-11-26 19:31:55","2021-11-26 19:37:30","2021-11-26 19:37:30","","2021-11-26 19:31:55","2021-11-26 19:31:58","1","2021-11-26 19:32:42","1991","female","","white","","inc_100_to_150","moderate","personal_vehicle","","texas","degree_bs","2","2021-11-26 19:35:23","no","2021-11-26 19:36:27","6133971ed468a071500e85a1","2021-11-26 19:37:13","158F6DF0","2021-11-26 19:37:30"
"Em6k72SAf2WpYHl2f3ZeJpZO_hJJgV1peyt6Ez69gSIshPBNHQiDVvJ-ZGMOulvr","2021-11-26 19:32:49","2021-11-26 19:34:59","2021-11-26 19:34:59","","2021-11-26 19:32:49","2021-11-26 19:32:52","1","2021-11-26 19:32:57","1968","male","","white","","inc_50_to_75","liberal","personal_vehicle","","new_york","vocational","2","2021-11-26 19:33:54","Thank you good luck with your work","2021-11-26 19:34:23","5a6d3a19e6cc4a0001b6c47a","2021-11-26 19:34:44","158F6DF0","2021-11-26 19:34:59"
"XIkLgmzH5acaSlD8gbTmn5JyCsMMHwC-Y0U1yGMRms_nLUWs0cKTI3RiP8gNmUB4","2021-11-26 19:33:11","2021-11-26 19:36:13","2021-11-26 19:36:13","","2021-11-26 19:33:12","2021-11-26 19:33:25","1","2021-11-26 19:33:44","1991","female","","black","","inc_20_to_30","moderate","personal_vehicle","","virginia","college_some","2","2021-11-26 19:34:54","","2021-11-26 19:35:11","61748826c72e5c62b101a8cd","2021-11-26 19:35:39","158F6DF0","2021-11-26 19:36:13"
"THzDJ_1LMsAgwLlCRVgjtT35AR6m8z4aKhH7hjSLlIi6dPfEYjgBd7R577vzWZ6t","2021-11-26 19:33:34","2021-11-26 19:35:46","2021-11-26 19:35:46","","2021-11-26 19:33:34","2021-11-26 19:33:37","1","2021-11-26 19:33:44","1999","female","","white","","inc_100_to_150","liberal","personal_vehicle","","wiscounsin","college_some","2","2021-11-26 19:34:48","","2021-11-26 19:34:56","61108741d56b5a068a41a2ac","2021-11-26 19:35:06","158F6DF0","2021-11-26 19:35:46"
"Crr1-H2wWFPkRoJtPR1JZAiBhO0gMOqWfIrWHtfzLTJjf8qwYZqlyl9U8yo2jEsZ","2021-11-26 19:33:54","2021-11-26 19:39:27","2021-11-26 19:39:28","","2021-11-26 19:33:54","2021-11-26 19:33:57","1","2021-11-26 19:34:02","1982","male","","white","American ","inc_100_to_150","conservative","personal_vehicle","","ohio","degree_bs","1","2021-11-26 19:38:02","","2021-11-26 19:39:07","5fdb9bf4e66d7f0008c23f6c","2021-11-26 19:39:19","158F6DF0","2021-11-26 19:39:27"
"B4vdCs6_ejpdbE2pFw52HPWb7gPQJsueqhT20F71nWIYQ7fAnyV65EOspNXVjg_Y","2021-11-26 19:34:02","2021-11-26 19:35:24","2021-11-26 19:35:24","","2021-11-26 19:34:02","2021-11-26 19:34:05","1","2021-11-26 19:34:10","1992","female","","asian","","inc_75_to_100","liberal","personal_vehicle","","oregon","degree_grad","2","2021-11-26 19:34:50","","2021-11-26 19:35:04","5ed67cbe121a540bac7cad09","2021-11-26 19:35:13","158F6DF0","2021-11-26 19:35:24"
"wdKrJB2Epg6JQs14LBfdBXXab1FNmU5qbmqo3gWCrm65Q5vyH9W58d5qoeA8vw9a","2021-11-26 19:34:08","2021-11-26 19:36:58","2021-11-26 19:36:59","","2021-11-26 19:34:08","2021-11-26 19:34:25","1","2021-11-26 19:34:44","1967","female","","white","","inc_50_to_75","moderate","personal_vehicle","","georgia","degree_associate","2","2021-11-26 19:35:47","","2021-11-26 19:36:05","5782bcc0275be60001358189","2021-11-26 19:36:37","158F6DF0","2021-11-26 19:36:58"
"qy9fJPJnx6VNT-jZDy2hGgwq4cgCk_7oGOSnkXZQtS6NO2NJ3b9LVoEN0U_25nAK","2021-11-26 19:34:32","2021-11-26 19:35:37","2021-11-26 19:35:38","","2021-11-26 19:34:32","2021-11-26 19:34:34","1","2021-11-26 19:34:39","1992","male","","white","","inc_20_to_30","liberal","personal_vehicle","","missouri","degree_bs","2","2021-11-26 19:35:22","","2021-11-26 19:35:26","61502f4029bebb130459f0ff","2021-11-26 19:35:33","158F6DF0","2021-11-26 19:35:37"
"TwT8axoPUBG6QfZCDkOywvDcauh43XgGaDB4UM26qb5XP_nUfqimxXvLZ1Wn19A3","2021-11-26 19:35:09","2021-11-26 19:37:52","","","2021-11-26 19:35:09","2021-11-26 19:35:37","1","2021-11-26 19:36:03","1999","female","","white","","under_10","conservative","prefer_to_self_describe","I have family drive me around","illinois","hs","2","2021-11-26 19:37:04","","2021-11-26 19:37:27","60ae6bbb754b0f72a48aa957","2021-11-26 19:37:53","158F6DF0",""
"EPI5IL4bw1T41plsl1h9Jj6r2hWqg4gqIL2WuaRf1ozN6jRjo6RUbvke_hyrxH1u","2021-11-26 19:35:35","2021-11-26 19:37:53","2021-11-26 19:37:54","","2021-11-26 19:35:35","2021-11-26 19:35:38","1","2021-11-26 19:35:58","1972","female","","white","","inc_20_to_30","liberal","personal_vehicle","","tennessee","vocational","2","2021-11-26 19:37:03","","2021-11-26 19:37:21","610da052e73bf3db58b1402f","2021-11-26 19:37:37","158F6DF0","2021-11-26 19:37:53"
"ujrXepPk5QtaUApw4OI9Hj8kM7CiYYKHwwIoNWBuZFFRgAycSHIjWDnSkByM6xLv","2021-11-26 19:35:56","2021-11-26 19:39:32","2021-11-26 19:39:33","","2021-11-26 19:35:56","2021-11-26 19:36:31","1","2021-11-26 19:37:03","1984","male","","white","TX","inc_75_to_100","conservative","personal_vehicle","","texas","degree_bs","2","2021-11-26 19:38:05","","2021-11-26 19:38:44","5f91087b3423d9228eb9cff2","2021-11-26 19:39:08","158F6DF0","2021-11-26 19:39:32"
"0dAG75iDVjxezgBEJEsNFT5MRn65liKpAQalMb-fH-h3JgVgn85lksgsIqIR1mu7","2021-11-26 19:36:13","2021-11-26 19:37:47","2021-11-26 19:37:48","","2021-11-26 19:36:13","2021-11-26 19:36:16","1","2021-11-26 19:36:24","1991","male","","white","","inc_50_to_75","independent","personal_vehicle","","illinois","college_some","2","2021-11-26 19:37:16","","2021-11-26 19:37:21","6150b206fa21b40ebab166f4","2021-11-26 19:37:32","158F6DF0","2021-11-26 19:37:47"
"GNiKe61ddPLaB_WYNeVCu1aaTw_ZckLwY6okiD2-485-EQKA-wJD8wdMNlIWWkfN","2021-11-26 19:36:49","2021-11-26 19:38:52","","","2021-11-26 19:36:50","2021-11-26 19:36:56","1","2021-11-26 19:37:02","1956","male","","white","","inc_10_to_20","independent","prefer_to_self_describe","walking","ohio","college_some","2","2021-11-26 19:38:23","","2021-11-26 19:38:31","5d66a88b5aa9f600197ce9cc","2021-11-26 19:38:52","158F6DF0",""
"TfawsqFKzUonXxa4ApdQ53qGwoXpJ7m8Tf-y_4PZSSpXVkRruSINyD5kJeO1W9xT","2021-11-26 19:36:53","2021-11-26 19:40:42","2021-11-26 19:40:42","","2021-11-26 19:36:53","2021-11-26 19:37:27","1","2021-11-26 19:37:51","1983","female","","white","","inc_20_to_30","conservative","personal_vehicle","","michigan","hs","2","2021-11-26 19:39:42","","2021-11-26 19:39:48","5df3512f6552ef236f57ed05","2021-11-26 19:40:13","158F6DF0","2021-11-26 19:40:42"
"iSLiYIhUDJ6SVdPu5tXuN3p8b85alWgGsFlYSCaQ6-N0jdb5iAMI2qNpl-56YLjW","2021-11-26 19:37:35","2021-11-26 19:40:30","2021-11-26 19:40:30","","2021-11-26 19:37:35","2021-11-26 19:37:54","1","2021-11-26 19:38:01","1973","male","","white","","inc_40_to_50","conservative","personal_vehicle","","west_virginia","college_some","2","2021-11-26 19:39:26","","2021-11-26 19:39:39","5e07d8314cac68142483e263","2021-11-26 19:40:15","158F6DF0","2021-11-26 19:40:30"
"iwHTbvF21G4SYkdfC8KClRwPwjMKId_-sRwqs8kTRqTUQsrurEDaAGLMFIN1JXwa","2021-11-26 19:37:57","2021-11-26 19:41:13","2021-11-26 19:41:13","","2021-11-26 19:37:57","2021-11-26 19:38:02","1","2021-11-26 19:38:09","1972","male","","white","","inc_10_to_20","leaning_conservative","prefer_to_self_describe","","florida","college_some","2","2021-11-26 19:40:28","","2021-11-26 19:40:34","5f1f2c053dd3620d41353827","2021-11-26 19:40:45","158F6DF0","2021-11-26 19:41:13"
"wvVORc_F9dp5TAre6McAwyAvhjWmQTtmLIxZD7-IgUNsMJRc7UL5HFw_EUa92Wat","2021-11-26 19:38:22","2021-11-26 19:50:33","2021-11-26 19:50:33","","2021-11-26 19:38:22","2021-11-26 19:38:26","1","2021-11-26 19:38:34","1954","female","","white","","inc_40_to_50","independent","personal_vehicle","","new_york","college_some","1","2021-11-26 19:39:39","The experimental Covid vaccines are NOT traditional vaccines. Rather they are Gene Therapy which explains why the CDC changed the definition of vaccines (to cover their Pharma-owned buttocks). Pfizer is the 6th most-owned stock by Congress, who's one of the special interests Biden exempted from the vaccine, along will illegal aliens. Furthermore, in having had a mild case of Covid that was quickly and easily cured with Azithromycin,  extra Vitamin D, Zinc, and Elderberry, I now have far superior Natural Immunity. Considering the following:
Vaxxed Adults Under 60 Are Dying at Twice the Rate of Unvaxxed People the Same Age:
https://www.madpatriotnews.com/vaxxed-adults-under-60-are-dying-at-twice-the-rate-of-unvaxxed-people-the-same-age/
and
BOOSTER SYNDROME: Natural doctor blows the whistle on Covid vaccines lowering white blood cells more and more with each shot, turning vaccinated people into AIDS-like patients:
https://chemicalviolence.com/2021-11-19-natural-doctor-blows-whistle-on-covid-vaccines.html
Anyone who does NOT get the experimental vaccine is 100% protected from its multitude of adverse effects, and 99.7% protected from Covid  according to the John Hopkins' continually updated Covid dashboard, especially if they're not obese and/or have no comorbidities. Those are damned good odds, even for folks who haven't developed Natural Immunity yet.
Please review all ingredients before taking any injection and, remember, the U.S. Constitution, Nuremberg Code, and Geneva Convention guarantee YOUR Body - YOUR Choice.
Bottom line, I plan on dying naturally vs. paying Big Pharma to kill me slowly and painfully.
Best of luck with your research!","2021-11-26 19:50:13","61524ae31dadfa5d571663ba","2021-11-26 19:50:25","158F6DF0","2021-11-26 19:50:33"
"jAw3PY7fYXIFYyEJhfh6mZkWV4gacH_F804QkstuEK94tZvowxNCjMeg_tTeSYvJ","2021-11-26 19:38:47","2021-11-26 19:41:41","2021-11-26 19:41:41","","2021-11-26 19:38:47","2021-11-26 19:39:06","1","2021-11-26 19:39:24","1990","female","","white","","inc_50_to_75","independent","personal_vehicle","","oregon","hs","2","2021-11-26 19:40:50","","2021-11-26 19:41:07","5c28a7d31c8e4c0001b2e0a4","2021-11-26 19:41:27","158F6DF0","2021-11-26 19:41:41"
"szXvc0NenB-VOtVCYbl6mbY1Ae3HD47GNGXuR6NF_I0rKHDHTVRI0yqe1u52JE0N","2021-11-26 19:39:06","2021-11-26 19:45:26","2021-11-26 19:45:26","","2021-11-26 19:39:06","2021-11-26 19:39:11","1","2021-11-26 19:39:29","1991","male","","white","","inc_75_to_100","independent","ride_hail","","texas","no_hs","2","2021-11-26 19:41:02","Is this supposed to be for people who are hesitant to get vaccinated? I was planning to get vaccinated regardless, so all these incentives etc. are irrelevant to me. I just answered yes for all the scenarios.","2021-11-26 19:45:09","5e8537fe23609011fe987ca7","2021-11-26 19:45:16","158F6DF0","2021-11-26 19:45:26"
"xmj9sdbYm7yNN-_dCeKJTwIMq_o-4Z3pysG8CIADFv2Qd88g2bcD_QdvRAoaRx5B","2021-11-26 19:39:11","2021-11-26 19:41:35","2021-11-26 19:41:35","","2021-11-26 19:39:11","2021-11-26 19:39:14","1","2021-11-26 19:39:32","1986","male","","white","","inc_40_to_50","leaning_liberal","public_transport","","oregon","hs","2","2021-11-26 19:40:40","","2021-11-26 19:41:06","581d50e882c5aa000132ce4f","2021-11-26 19:41:19","158F6DF0","2021-11-26 19:41:35"
"rv4Jf_GZUH1SAEPSyhBnoTA8tpJGJlxZqsDgkH7JdRuGl965UomWzVccg4N3-os7","2021-11-26 19:39:13","2021-11-26 19:40:51","2021-11-26 19:40:51","","2021-11-26 19:39:13","2021-11-26 19:39:16","1","2021-11-26 19:39:21","1984","female","","white","","inc_100_to_150","leaning_conservative","personal_vehicle","","texas","degree_bs","2","2021-11-26 19:40:01","","2021-11-26 19:40:06","5b4b59fe3905740001273cfc","2021-11-26 19:40:19","158F6DF0","2021-11-26 19:40:51"
"QwZToDk3GmvJCW_i-tDFTsEHm1GjxoDPLvdQ_t_z5nBVZMgEDaZypyUUqbY9QWct","2021-11-26 19:40:09","2021-11-26 19:41:18","2021-11-26 19:41:18","","2021-11-26 19:40:09","2021-11-26 19:40:11","1","2021-11-26 19:40:15","1993","male","","white","","inc_20_to_30","moderate","prefer_to_self_describe","I don't go places.","washington","no_hs","2","2021-11-26 19:41:02","","2021-11-26 19:41:06","56ed166d0260df000d2f011d","2021-11-26 19:41:16","158F6DF0","2021-11-26 19:41:18"
"_vumSjbC9rriclCwBnP3KJm8TQDXWnH9Oj3IzhhO29u5HRhBYtaTS2SWSc05MYBQ","2021-11-26 19:40:22","2021-11-26 19:42:13","2021-11-26 19:42:14","","2021-11-26 19:40:22","2021-11-26 19:40:25","1","2021-11-26 19:40:31","2000","female","","hispanic","","inc_100_to_150","prefer_not_say","personal_vehicle","","illinois","degree_associate","2","2021-11-26 19:41:28","","2021-11-26 19:41:35","60fcf9abf635e9904cb7dca9","2021-11-26 19:41:55","158F6DF0","2021-11-26 19:42:14"
"kNoKWY0h7aTnRg_u3ghtV7ei2vNW8k1TjSc_yJ3jT43jsAsr6TedH7RdQhfcjz1L","2021-11-26 19:40:45","2021-11-26 19:46:02","2021-11-26 19:46:02","","2021-11-26 19:40:45","2021-11-26 19:40:51","1","2021-11-26 19:41:06","1978","female","","white","","inc_20_to_30","conservative","personal_vehicle","","louisiana","college_some","2","2021-11-26 19:42:16","","2021-11-26 19:43:12","5cd62173bf7b7b0001ffae45","2021-11-26 19:45:18","158F6DF0","2021-11-26 19:46:02"
"_nxnx5VZglzoHMqscZqt3KmRSvEphYP9lIOtTkmhf7sbYlrdldXKdN5KRbY4jk0Q","2021-11-26 19:41:18","2021-11-26 19:44:00","2021-11-26 19:44:01","","2021-11-26 19:41:18","2021-11-26 19:41:22","1","2021-11-26 19:41:39","1984","male","","white","","inc_50_to_75","moderate","personal_vehicle","","arizona","degree_bs","2","2021-11-26 19:42:42","","2021-11-26 19:43:08","5686e598369319000b268e63","2021-11-26 19:43:37","158F6DF0","2021-11-26 19:44:01"
"Yx9fkeUClWMJ5TvIkY72y1hNg49CG4AmMF4zUSZUDgjKWKB42Pu1RR1O7zenqbIo","2021-11-26 19:41:31","2021-11-26 19:44:06","2021-11-26 19:44:06","","2021-11-26 19:41:31","2021-11-26 19:41:33","1","2021-11-26 19:41:49","2002","female","","white","","inc_40_to_50","leaning_liberal","personal_vehicle","","new_york","college_some","2","2021-11-26 19:42:44","","2021-11-26 19:42:48","60fdfadc13c2f4acf5be1e1c","2021-11-26 19:43:24","158F6DF0","2021-11-26 19:44:06"
"_rww4hAZmMD5UV4MXiSA54Q-E6E2dJV6NHXAoyGUvo8GEglnIp5nHa4gH1wfsQZi","2021-11-26 19:42:33","2021-11-26 19:47:13","2021-11-26 19:47:14","","2021-11-26 19:42:34","2021-11-26 19:43:35","1","2021-11-26 19:43:50","1958","female","","white","","inc_40_to_50","independent","personal_vehicle","","ohio","degree_associate","1","2021-11-26 19:46:29","","2021-11-26 19:46:35","5690a966a3b94e000d6c3c13","2021-11-26 19:47:01","158F6DF0","2021-11-26 19:47:13"
"JouEw4ZPxdmOSY1PNd56uAWVbl5ghHrOp_pLgoTawAxS4MH1qtx6yKDmcMUEB2ol","2021-11-26 19:42:51","2021-11-26 19:47:28","2021-11-26 19:47:28","","2021-11-26 19:42:51","2021-11-26 19:42:54","1","2021-11-26 19:43:00","1967","female","","white","","inc_40_to_50","conservative","personal_vehicle","","kentucky","degree_bs","2","2021-11-26 19:44:07","Please consider those of us involved in clinical studies; there have to be unvaccinated people to participate in these studies for successful treatments and preventatives to be tested and approved.  If everyone eligible was vaccinated, there would NEVER be any treatments for preventatives for the world's population.","2021-11-26 19:47:05","5fd7f08920e71c0f734ee097","2021-11-26 19:47:18","158F6DF0","2021-11-26 19:47:28"
"fuhpBW_ALorha5bbnM87pesoat7tnq0XDiVOB_VKebU766cbmJL8KToy8AeoCmF2","2021-11-26 19:43:21","2021-11-26 19:45:30","","","2021-11-26 19:43:21","2021-11-26 19:43:25","1","2021-11-26 19:43:39","1991","male","","white","","inc_40_to_50","conservative","personal_vehicle","","tennessee","degree_bs","2","2021-11-26 19:45:09","","2021-11-26 19:45:13","61292a3404d387db5b0b2a32","2021-11-26 19:45:30","158F6DF0",""
"UIpWg-lj4K-Vt3KahtoK9od0XTkm7yfjn-zmAiiWR9W9oTtc9S_qRJ3IkE9H74i2","2021-11-26 19:43:41","2021-11-26 19:45:11","2021-11-26 19:45:11","","2021-11-26 19:43:41","2021-11-26 19:43:44","1","2021-11-26 19:43:49","2000","female","","white","","inc_50_to_75","leaning_conservative","personal_vehicle","","colorado","hs","2","2021-11-26 19:44:34","","2021-11-26 19:44:38","60c52df5ae57d6d7918e76f0","2021-11-26 19:44:53","158F6DF0","2021-11-26 19:45:11"
"jsnRVk7qY18F5Z-sRJxFjYllZ03ypit33hGvk3D5-6KfaTtEMMbWNKy0qSpsii-g","2021-11-26 19:43:48","2021-11-26 19:45:44","2021-11-26 19:45:44","","2021-11-26 19:43:48","2021-11-26 19:44:00","1","2021-11-26 19:44:11","1998","female","","white","","inc_30_to_40","leaning_liberal","personal_vehicle","Lyft ","ohio","hs","2","2021-11-26 19:45:05","","2021-11-26 19:45:17","60e233d679fb0f318e107a35","2021-11-26 19:45:34","158F6DF0","2021-11-26 19:45:44"
"tpJEqOcoiGc1-1va9cI6J6o4rIA6ZdyRd-79PAb-2XKRTVPvQyMGLSM2icdU1q4p","2021-11-26 19:44:45","2021-11-26 19:46:52","2021-11-26 19:46:53","","2021-11-26 19:44:45","2021-11-26 19:44:48","1","2021-11-26 19:44:58","1982","male","","white","","inc_75_to_100","conservative","personal_vehicle","","north_carolina","college_some","2","2021-11-26 19:45:46","","2021-11-26 19:45:55","5bc8897f462bdb0001a61426","2021-11-26 19:46:06","158F6DF0","2021-11-26 19:46:52"
"R5yAQauVE9xnDDDsVf3x3nJr_RKYsPS8sZiAtW_PNLngGeYrcGqseDbDKuCoVDj1","2021-11-26 19:46:02","2021-11-26 19:47:36","2021-11-26 19:47:37","","2021-11-26 19:46:02","2021-11-26 19:46:06","1","2021-11-26 19:46:16","2001","male","","white","","inc_75_to_100","moderate","personal_vehicle","","ohio","degree_bs","1","2021-11-26 19:47:10","","2021-11-26 19:47:17","615df54b6e2b2b2f76c4be9c","2021-11-26 19:47:26","158F6DF0","2021-11-26 19:47:36"
"qW3kFs_ivEpp6KMV1vBL4C6NKnIbfq_XrXN-Su_ual25X57heWZMWBI7089X0JFk","2021-11-26 19:46:09","2021-11-26 19:48:21","2021-11-26 19:48:21","","2021-11-26 19:46:09","2021-11-26 19:46:12","1","2021-11-26 19:46:21","1972","prefer_not_say","","hispanic","","prefer_not_say","prefer_not_say","public_transport","","new_york","degree_bs","2","2021-11-26 19:47:45","","2021-11-26 19:47:50","55ac22cafdf99b6de2fa7ee2","2021-11-26 19:48:11","158F6DF0","2021-11-26 19:48:21"
"sTdFO23V41cWodOIAMrDRX3HTvHXhIhv_wrn3jvXqEZI7KL9nyLuEIzigSBK49w6","2021-11-26 19:46:10","2021-11-26 19:49:08","2021-11-26 19:49:08","","2021-11-26 19:46:10","2021-11-26 19:46:19","1","2021-11-26 19:46:27","1958","female","","black","","inc_30_to_40","independent","personal_vehicle","","alabama","degree_bs","2","2021-11-26 19:48:19","","2021-11-26 19:48:39","610b4bb35b5699968f850292","2021-11-26 19:48:53","158F6DF0","2021-11-26 19:49:08"
"lenRWVHm4MRbhg4oX5GQlGeeIbg3_djMc1px2n6foqLDWMKEcTWX_5jFbTud-pg-","2021-11-26 19:46:26","2021-11-26 19:47:50","2021-11-26 19:47:51","","2021-11-26 19:46:26","2021-11-26 19:46:29","1","2021-11-26 19:46:33","1985","male","","prefer_self_identify","","prefer_not_say","independent","personal_vehicle","","missouri","degree_bs","2","2021-11-26 19:47:21","","2021-11-26 19:47:26","5a6b998a3fb6420001c2f97a","2021-11-26 19:47:34","158F6DF0","2021-11-26 19:47:51"
"LfzKD6kwEuAFMzGZt-GJEHpukdEMH-kuZFYFyRPWMYKknPoXNVpiO_2N2BuWoUbs","2021-11-26 19:46:45","2021-11-26 19:47:38","","","2021-11-26 19:46:45","2021-11-26 19:46:47","1","2021-11-26 19:46:52","1963","female","","white","","inc_75_to_100","liberal","personal_vehicle","","maryland","degree_associate","2","2021-11-26 19:47:28","","2021-11-26 19:47:33","5d63179aa3b94d0001da4bb6","2021-11-26 19:47:39","158F6DF0",""
"rDXEAtX5Ua6eyJg3oKRdoVcsBs-xa2YERL3RI77MOFdCyqmxLPoUWzE87WSc_UqG","2021-11-26 19:46:50","2021-11-26 19:47:55","2021-11-26 19:47:55","","2021-11-26 19:46:50","2021-11-26 19:46:53","1","2021-11-26 19:46:57","1989","male","","white","","inc_over_200","independent","personal_vehicle","","florida","college_some","2","2021-11-26 19:47:40","","2021-11-26 19:47:43","5f7adf44d2ddfa74d5019c3d","2021-11-26 19:47:49","158F6DF0","2021-11-26 19:47:55"
"I8PDcWbQVkHWfGTyEvzX7kAtdXLCPx5gy3UeHmoylxgkAVFyY_5fUvVFTz9gkHwC","2021-11-26 19:47:07","2021-11-26 19:50:32","2021-11-26 19:50:32","","2021-11-26 19:47:07","2021-11-26 19:47:11","1","2021-11-26 19:47:16","1984","female","","white","","inc_30_to_40","leaning_liberal","personal_vehicle","","michigan","no_hs","2","2021-11-26 19:48:07","I don't know what is SO hard to get through thick skulls in government these days: I DO NOT NEED NOR WANT THE FUCKING SHOT, SO STOP ANNOYING ME WITH BRIBES. That does not work, it only tells me you're lowly enough to try lures. And THAT tells me I don't ever need what you're peddling. Stuff it.","2021-11-26 19:49:34","5d923c2e235f4b0017f269c2","2021-11-26 19:49:41","158F6DF0","2021-11-26 19:50:32"
"8OvdAx7L4WeV7dBBYai2JtNytz_4u0D4ANAwfuwkZMNX99LkMNF0fthDYoci1ri3","2021-11-26 19:47:22","2021-11-26 19:48:17","2021-11-26 19:48:17","","2021-11-26 19:47:22","2021-11-26 19:47:24","1","2021-11-26 19:47:30","1984","male","","white","","inc_10_to_20","liberal","personal_vehicle","","illinois","hs","2","2021-11-26 19:48:00","","2021-11-26 19:48:04","5b666901f7798c000182c01c","2021-11-26 19:48:13","158F6DF0","2021-11-26 19:48:17"
"u7kHK3lan5QD5dX7Ksqj8_9VLiqgw0hqxwULOgOcycerIMZ-qRXlnx2zFYYzxmcb","2021-11-26 19:48:00","2021-11-26 19:49:41","","","2021-11-26 19:48:00","2021-11-26 19:48:04","1","2021-11-26 19:48:10","1971","female","","black","","inc_30_to_40","independent","personal_vehicle","","north_carolina","degree_associate","2","2021-11-26 19:49:22","","2021-11-26 19:49:31","5d8e361e6e920e0014b459d9","2021-11-26 19:49:41","158F6DF0",""
"cZ40ZkAbMhZ7ecU4SHlhTsIF9-i10WdwavexWyKdBDpwIJRO2lae5-jvCS-hEfQg","2021-11-26 19:48:09","2021-11-26 19:49:38","2021-11-26 19:49:38","","2021-11-26 19:48:09","2021-11-26 19:48:12","1","2021-11-26 19:48:18","1983","female","","hispanic","","inc_75_to_100","conservative","personal_vehicle","","florida","degree_associate","1","2021-11-26 19:49:18","","2021-11-26 19:49:24","5e3af922a4907231695c413e","2021-11-26 19:49:30","158F6DF0","2021-11-26 19:49:38"
"2W5GHHQzF8VF4VMNM8CJEy9s8q0jcIxF1zUAg92z626ul8REQCAvxtgCbMd2seWU","2021-11-26 19:48:50","2021-11-26 19:50:31","","","2021-11-26 19:48:51","2021-11-26 19:48:53","1","2021-11-26 19:48:57","1988","male","","asian","","inc_40_to_50","independent","personal_vehicle","","new_york","degree_bs","2","2021-11-26 19:49:51","The incentives provided, I didn't really care for.","2021-11-26 19:50:23","5f5bd178d9952538dd3d9aa8","2021-11-26 19:50:31","158F6DF0",""
"Fvlw9nozNkS8x-25l_z2m4s3RDqsFojExGZ99L5GFoZTS9_Ylmn2HvRPxoKt8EnJ","2021-11-26 19:48:53","2021-11-26 19:51:51","2021-11-26 19:51:51","","2021-11-26 19:48:53","2021-11-26 19:48:57","1","2021-11-26 19:49:08","1990","male","","black","","inc_150_to_200","strongly_liberal","personal_vehicle","","new_york","degree_bs","2","2021-11-26 19:50:42","","2021-11-26 19:50:56","5f888a84d0200d03067e17ed","2021-11-26 19:51:32","158F6DF0","2021-11-26 19:51:51"
"V-YJnNMTs59E9g7cLUYWwp_tdLdvymJ0DKZNtMTw6VzTO_ZL2Ofv_0w2_vqfYT9Z","2021-11-26 19:49:03","2021-11-26 19:52:06","2021-11-26 19:52:06","","2021-11-26 19:49:03","2021-11-26 19:50:21","1","2021-11-26 19:50:27","1994","male","","white","","inc_75_to_100","independent","personal_vehicle","","new_jersey","college_some","2","2021-11-26 19:51:45","","2021-11-26 19:51:51","5acbead40527ba0001c2680a","2021-11-26 19:51:58","158F6DF0","2021-11-26 19:52:06"
"Y3y8b4j6yM2YZiPUtMP46YvqgN3LXThm9D6Dlkiutn50iYQ97fo_dLAVxFwKsYu6","2021-11-26 19:49:11","2021-11-26 19:50:21","2021-11-26 19:50:21","","2021-11-26 19:49:11","2021-11-26 19:49:14","1","2021-11-26 19:49:20","1975","female","","white","","inc_50_to_75","strongly_conservative","personal_vehicle","","oregon","degree_associate","2","2021-11-26 19:49:57","","2021-11-26 19:50:02","58c376f9efb64f0001358464","2021-11-26 19:50:10","158F6DF0","2021-11-26 19:50:21"
"BdS2SGFUBeaNCkNYLxGzMieVB9kV1l3AwRAu3BxiV0yljIKBx-S_AlO1BUXQaLyw","2021-11-26 19:49:52","2021-11-26 19:51:06","2021-11-26 19:51:06","","2021-11-26 19:49:52","2021-11-26 19:49:55","1","2021-11-26 19:49:59","1980","male","","white","","inc_150_to_200","conservative","personal_vehicle","","oregon","degree_grad","2","2021-11-26 19:50:41","","2021-11-26 19:50:45","614f82d16d008ebe864e1325","2021-11-26 19:50:50","158F6DF0","2021-11-26 19:51:06"
"K259SM9mkotTjPXXoDpdlwF30e4iHiAgZC5WGTLscGCjC84zDeozDKDan7mVKtY1","2021-11-26 19:49:57","2021-11-26 19:51:49","","","2021-11-26 19:49:57","2021-11-26 19:50:04","1","2021-11-26 19:50:11","2000","male","","black","","inc_150_to_200","independent","personal_vehicle","","florida","college_some","2","2021-11-26 19:51:23","","2021-11-26 19:51:31","610ac57b9c3dda7bb1dfdc1e","2021-11-26 19:51:49","158F6DF0",""
"TvMDfyqRi1ZPLBxPnHhusPsImJee9OjDVUNz3EMNaaYljypAK5Om8aprwocutSzn","2021-11-26 19:51:46","2021-11-26 19:52:58","2021-11-26 19:52:58","","2021-11-26 19:51:46","2021-11-26 19:51:49","1","2021-11-26 19:51:55","1962","male","","white","","inc_50_to_75","conservative","personal_vehicle","","louisiana","college_some","2","2021-11-26 19:52:33","","2021-11-26 19:52:42","58064d91f25c440001678a10","2021-11-26 19:52:49","158F6DF0","2021-11-26 19:52:58"
"4bSCP2kMQaYH9NxI-C7qyYNvepWX9oWXDBRc37VubYHHNxhubxQUdF--izwyXXra","2021-11-26 19:52:37","2021-11-26 19:53:36","2021-11-26 19:53:36","","2021-11-26 19:52:37","2021-11-26 19:52:40","1","2021-11-26 19:52:45","1990","female","","white","","inc_150_to_200","strongly_conservative","personal_vehicle","","illinois","degree_bs","2","2021-11-26 19:53:18","","2021-11-26 19:53:24","5f0fab5abdec9a1aff2b2744","2021-11-26 19:53:30","158F6DF0","2021-11-26 19:53:36"
"QlGTsIXDQIxJiLkUxg0nu3_lII-WHfL8J1JqIP3OPSpSMVib4vNUQOsqVymZF2yq","2021-11-26 19:53:02","2021-11-26 19:54:05","2021-11-26 19:54:06","","2021-11-26 19:53:03","2021-11-26 19:53:05","1","2021-11-26 19:53:22","1986","male","","black","","inc_50_to_75","liberal","personal_vehicle","","pennsylvania","college_some","2","2021-11-26 19:53:46","","2021-11-26 19:53:50","6085bb66296b0a411198d8fd","2021-11-26 19:53:57","158F6DF0","2021-11-26 19:54:06"
"NABJoeMuAMqdc1qzdCo6oXxI29eADJPaYRDUaT8Lk6GlRm7ytREsYYWDSO95NGMs","2021-11-26 19:53:12","2021-11-26 19:54:05","2021-11-26 19:54:05","","2021-11-26 19:53:13","2021-11-26 19:53:15","1","2021-11-26 19:53:18","1996","male","","black","","inc_30_to_40","strongly_liberal","public_transport","","maryland","vocational","2","2021-11-26 19:53:49","","2021-11-26 19:53:51","5dfdc45e617219a8e2e05c26","2021-11-26 19:53:58","158F6DF0","2021-11-26 19:54:05"
"QxXr6byjkBB-VnbWsL2TRnmgbp03uKr-TYCXcaVilSQmZDNuberqfYp0qGOjc-Y_","2021-11-26 19:54:15","2021-11-26 19:55:54","2021-11-26 19:55:54","","2021-11-26 19:54:16","2021-11-26 19:54:19","1","2021-11-26 19:54:24","1990","male","","white","","inc_75_to_100","strongly_conservative","personal_vehicle","","nevada","college_some","1","2021-11-26 19:55:07","Under no circumstances including death will I ever take the covid 19 vaccine","2021-11-26 19:55:36","5e449f07196747332fc7d75c","2021-11-26 19:55:46","158F6DF0","2021-11-26 19:55:54"
"y3-klMt8mNn80e40mBdSfDDS-fy0rQZDxgXo71HGlCU3JvLyavj8YlUIR9AgFdBq","2021-11-26 19:54:28","2021-11-26 19:55:28","2021-11-26 19:55:28","","2021-11-26 19:54:28","2021-11-26 19:54:31","1","2021-11-26 19:54:36","2002","male","","white","","inc_100_to_150","moderate","personal_vehicle","","oklahoma","hs","2","2021-11-26 19:55:05","","2021-11-26 19:55:09","5eb741a8076e47674071aa17","2021-11-26 19:55:19","158F6DF0","2021-11-26 19:55:28"
"w89qUEgq78AJ-mpnxBnh33xAUO5NL1Y25gNa0Cmj8muwi0y0XMmQt6AT8hO7U_5X","2021-11-26 19:54:34","2021-11-26 19:55:40","2021-11-26 19:55:40","","2021-11-26 19:54:34","2021-11-26 19:54:37","1","2021-11-26 19:54:41","1995","male","","white","","inc_20_to_30","liberal","personal_vehicle","","michigan","degree_bs","2","2021-11-26 19:55:11","none","2021-11-26 19:55:18","5b91dc16cc81a400017a3438","2021-11-26 19:55:28","158F6DF0","2021-11-26 19:55:40"
"lVQpr1atRG749KOaDfmtCKIH5S9d6k6e606eGIec-rIRyI7sGdzChHcz_NsI8dx2","2021-11-26 19:55:36","2021-11-26 19:56:29","2021-11-26 19:56:29","","2021-11-26 19:55:36","2021-11-26 19:55:38","1","2021-11-26 19:55:42","1999","male","","white","","inc_over_200","strongly_liberal","personal_vehicle","","new_jersey","degree_bs","2","2021-11-26 19:56:14","","2021-11-26 19:56:17","5eecf89bb465300e9b0d1141","2021-11-26 19:56:25","158F6DF0","2021-11-26 19:56:29"
"29s09xv6rHwCjPhLq2JVvU_pGh_H8NnnRZA_GvZCMZ_Wek6OzIrdPspgEz_7hrt6","2021-11-26 19:58:36","2021-11-26 19:59:31","2021-11-26 19:59:31","","2021-11-26 19:58:36","2021-11-26 19:58:38","1","2021-11-26 19:58:44","1979","male","","white","","inc_40_to_50","strongly_conservative","personal_vehicle","","wiscounsin","degree_bs","1","2021-11-26 19:59:14","","2021-11-26 19:59:17","5d54a656ec261c001a8874a6","2021-11-26 19:59:25","158F6DF0","2021-11-26 19:59:31"
"sDAE02PYjafztb6tHYu_mGihlDZxeX64mvRz4f-hAT3o3sbk38cxZW3zpdPMbcMJ","2021-11-26 20:00:06","2021-11-30 00:04:00","","","2021-11-26 20:00:06","2021-11-26 20:00:12","1","2021-11-26 20:00:16","2000","male","","white","","inc_50_to_75","moderate","personal_vehicle","","georgia","hs","2","2021-11-26 20:01:00","","2021-11-26 20:01:03","616f8c15c535fbf8605e30b3","2021-11-26 20:01:09","158F6DF0",""
"Paw0zjXUGx3v6lCsLXv8-cr1ZMD4Q2XfDGkXYafWeLeYBYLkqd4yL3kUGbXLfQjk","2021-11-26 20:00:14","2021-11-26 20:01:08","2021-11-26 20:01:09","","2021-11-26 20:00:15","2021-11-26 20:00:16","1","2021-11-26 20:00:21","1997","male","","white","","inc_10_to_20","strongly_liberal","personal_vehicle","","new_york","degree_bs","2","2021-11-26 20:00:55","","2021-11-26 20:00:58","6019944a6de5a00dff9c8a32","2021-11-26 20:01:04","158F6DF0","2021-11-26 20:01:08"
"my-meJA2k2W_iQ88QJ97JZmUnejsc-8aIbU4hrdzXifiPUKn2_QqCd0AlTyRGd1K","2021-11-26 20:03:23","2021-11-26 20:05:48","2021-11-26 20:05:49","","2021-11-26 20:03:23","2021-11-26 20:03:26","1","2021-11-26 20:03:30","1993","male","","white","","inc_75_to_100","moderate","personal_vehicle","","nebraska","degree_grad","2","2021-11-26 20:05:09","","2021-11-26 20:05:16","5fb0b5041392254c4c4b11de","2021-11-26 20:05:41","158F6DF0","2021-11-26 20:05:48"
"64rQ_qE-odi36399LHDcSV3_N86Zek9KIWgp79xfxeNz0GBTiXLHotrcGNKTAOVP","2021-11-26 20:03:43","2021-11-26 20:04:45","","","2021-11-26 20:03:43","2021-11-26 20:03:46","1","2021-11-26 20:03:52","1972","male","","black","","inc_30_to_40","strongly_liberal","public_transport","","new_york","degree_bs","2","2021-11-26 20:04:28","","2021-11-26 20:04:33","5c2d2d6cc8ebae0001a41397","2021-11-26 20:04:45","158F6DF0",""
"3ZJSlrFjXvXWJJ6jiqkj4TakxTMCK0JRw4iPPiT7-1cxhJT02dSRUJGrlYSqa8Oy","2021-11-26 20:04:18","2021-11-26 20:05:21","2021-11-26 20:05:21","","2021-11-26 20:04:18","2021-11-26 20:04:20","1","2021-11-26 20:04:27","1983","male","","white","","inc_40_to_50","conservative","personal_vehicle","","new_york","hs","2","2021-11-26 20:05:04","","2021-11-26 20:05:09","603039c84bcf02e81ae8a052","2021-11-26 20:05:16","158F6DF0","2021-11-26 20:05:21"
"rjb_2xyQLfQ5_s3vn_HKtWAVfa46yz-DnGeEAIvJzHCG20eofqK4XjGduKNFM-k_","2021-11-26 20:05:05","2021-11-26 20:07:07","2021-11-26 20:07:07","","2021-11-26 20:05:05","2021-11-26 20:05:08","1","2021-11-26 20:05:15","1951","male","","white","","inc_30_to_40","conservative","personal_vehicle","","wiscounsin","college_some","2","2021-11-26 20:06:45","","2021-11-26 20:06:51","614f911f1f977faae059e7be","2021-11-26 20:06:59","158F6DF0","2021-11-26 20:07:07"
"Yur3gJn3bPpaaBK7AMB3Qfd7ud1wU3Ix8Oqk9u1sJKv4skIfOD5ZbPRJ1RUfrU_I","2021-11-26 20:05:22","2021-11-26 20:06:48","2021-11-26 20:06:48","","2021-11-26 20:05:22","2021-11-26 20:05:25","1","2021-11-26 20:05:32","1982","female","California","white","","inc_100_to_150","leaning_conservative","personal_vehicle","","california","degree_bs","2","2021-11-26 20:06:30","","2021-11-26 20:06:34","5e814f98193c1983e819818f","2021-11-26 20:06:41","158F6DF0","2021-11-26 20:06:48"
"QXGolAYVBKWvqfEyVJy_VFTx_B2GEtOeElU9LHRSr6sv6hAEVIjGVtdtRDHa_7_x","2021-11-26 20:05:32","2021-11-26 20:08:10","2021-11-26 20:08:10","","2021-11-26 20:05:32","2021-11-26 20:05:37","1","2021-11-26 20:06:06","1972","male","","white","","inc_50_to_75","liberal","personal_vehicle","","michigan","degree_bs","2","2021-11-26 20:07:19","","2021-11-26 20:07:26","5b98d9362cca9c0001de161f","2021-11-26 20:07:44","158F6DF0","2021-11-26 20:08:10"
"5TvBN0-5QJZLryixG68LJ7-GIYmgzmVQkkRpxVNPk2RBh0wlLrBo1EH6IpKtRxyd","2021-11-26 20:09:27","2021-11-26 20:10:24","","","2021-11-26 20:09:27","2021-11-26 20:09:30","1","2021-11-26 20:09:34","1980","male","","white","","inc_over_200","conservative","personal_vehicle","","new_jersey","degree_grad","2","2021-11-26 20:10:13","","2021-11-26 20:10:17","5dedb806838b4f46c8d183a5","2021-11-26 20:10:24","158F6DF0",""
"_51pVrNvr3Eq0o8tjH5bOM0Uc-8gAxuWDW_klEkALXDsI1ZzPq4WVbI8U3oLgSFn","2021-11-26 20:14:54","2021-11-26 20:17:45","2021-11-26 20:17:45","","2021-11-26 20:14:55","2021-11-26 20:14:58","1","2021-11-26 20:15:05","1991","male","","hispanic","","inc_20_to_30","independent","personal_vehicle","","illinois","college_some","2","2021-11-26 20:16:28","","2021-11-26 20:17:15","5f4b283c6e1f3e6ec65c32f6","2021-11-26 20:17:22","158F6DF0","2021-11-26 20:17:45"
"z_1-BANYdKmWKZk1eyP-00BCVUB9vLHiuxRRmz-6ojetY9Yl5LQ8ghqR13kGnkZT","2021-11-26 20:19:03","2021-11-26 20:20:09","2021-11-26 20:20:09","","2021-11-26 20:19:03","2021-11-26 20:19:05","1","2021-11-26 20:19:08","2001","female","","asian","","inc_100_to_150","liberal","personal_vehicle","","new_hampshire","degree_bs","2","2021-11-26 20:19:40","","2021-11-26 20:19:43","610083ae4ea9427f69624636","2021-11-26 20:19:56","158F6DF0","2021-11-26 20:20:09"
"ttz6j5BRmC6lIRAKai9QnkDC7x-zbCSMFGKtAhQYl8IvfTQojQS4o87gr2sUefhc","2021-11-26 20:24:27","2021-11-26 20:26:14","2021-11-26 20:26:14","","2021-11-26 20:24:28","2021-11-26 20:24:31","1","2021-11-26 20:24:40","1970","female","","white","","inc_50_to_75","conservative","personal_vehicle","","arizona","degree_associate","1","2021-11-26 20:25:41","","2021-11-26 20:25:46","5e121701dc79bd8a1a22ca99","2021-11-26 20:25:54","158F6DF0","2021-11-26 20:26:14"
"FaZK-m26INPVsvDGu_IJnpPyei_z3hpnT1mxs-p1pH1Xu6uqwgctA7ar3cepYtNS","2021-11-26 20:32:52","2021-11-26 20:35:41","2021-11-26 20:35:41","","2021-11-26 20:32:52","2021-11-26 20:32:55","1","2021-11-26 20:33:00","1972","male","","white","","under_10","strongly_conservative","prefer_to_self_describe","","pennsylvania","degree_bs","2","2021-11-26 20:34:48","","2021-11-26 20:34:55","5f0d2ad60ad0d6730c380b05","2021-11-26 20:35:29","158F6DF0","2021-11-26 20:35:41"
"CNa2dGTn7dWPmQ3Pb4RFFG8plMWILTh4axOiGcM-NB0vdZqwaDTUrpQ0ok4C4BRu","2021-11-26 20:51:36","2021-11-26 20:53:42","2021-11-26 20:53:42","","2021-11-26 20:51:36","2021-11-26 20:51:41","1","2021-11-26 20:51:55","1984","male","","white","","inc_150_to_200","strongly_liberal","personal_vehicle","","new_york","degree_grad","2","2021-11-26 20:52:57","No comments. ","2021-11-26 20:53:12","60f989f2b726f86c3d24e13e","2021-11-26 20:53:28","158F6DF0","2021-11-26 20:53:42"
